ror_id,display_name,acronyms,alt_names,types,city,status,established,created,modified,isni,fundref,wikidata_id,website,parents,children,related,predecessors,successors
01v66s741,3D-Micromac (Germany),,,company,Chemnitz,active,2002,2018-11-14,2024-12-11,0000 0004 4682 3969,,Q30284348,https://3d-micromac.com/,,,,,
01zkjwb76,A.S.T. Group (Germany),,Angewandte System Technik,company,Dresden,active,,2018-11-14,2024-12-11,,,,https://www.ast.de/en/,,,,,
03cmwaa13,ABX-CRO Advanced Pharmaceutical Services (Germany),,,company,Dresden,active,1996,2018-11-14,2024-12-11,,,,http://www2.abx-cro.com/,,,,,
03famzf42,Acqua Klinik,,,healthcare,Leipzig,active,,2018-11-14,2024-12-11,,,,https://www.acqua-klinik.de/,,,,,
03xn5qf90,Adelwitz Technologiezentrum (Germany),ATZ,,company,Torgau,active,1992,2018-11-14,2024-12-11,0000 0004 0549 1275,,,http://atz-gmbh.com/,,,,,
04pnnsh51,Advanced Mask Technology Center (Germany),AMTC,,company,Dresden,active,2002,2018-11-14,2024-12-11,,,,http://www.amtc-dresden.com/Advanced-Mask-Technology-Center::1&language=2,,,,,
05bmabg32,Advanced Optics Solutions (Germany),,,company,Dresden,active,1998,2018-11-14,2024-12-11,0000 0004 0549 0942,,Q30255190,https://www.aos-fiber.com/,,,,,
054kgce12,An-Institut für Transfer und Weiterbildung,TUCed,,education,Chemnitz,active,2001,2019-11-07,2024-12-11,,,,https://www.tuced.de/,00a208s56,,,,
013ambk20,Apogepha Arzneimittel (Germany),,,company,Dresden,active,1882,2018-11-14,2024-12-11,,,,http://www.apogepha.com/,,,,,
05ejpyv46,Applied Materials (Germany),,,company,Dresden,active,1967,2018-11-14,2024-12-11,0000 0004 0374 139X,,Q30255420,http://www.appliedmaterials.com/,04h1q4c89,,,,
04nzxdc92,Arioso Systems (Germany),,,company,Dresden,active,2020,2021-04-06,2024-12-11,,,Q103456417,https://www.arioso-systems.com,,,,,
0364hq403,AXO Dresden (Germany),,,company,Dresden,active,2002,2020-07-06,2024-12-11,0000 0004 0568 2485,,,http://www.axo-dresden.de/,,,,,
05s928n76,Bach Archiv Leipzig,,Bach-Archiv,archive,Leipzig,active,1950,2019-12-18,2024-12-11,0000 0004 0397 0029,,Q798038,https://www.bach-leipzig.de/de/bach-archiv,03s7gtk40,,,,
0260qqv98,Barkhausen Institut,BI,Barkhausen Institut gGmbH; Barkhausen Institute,facility,Dresden,active,2017,2021-09-23,2025-06-24,0000 0004 7707 1800,,,https://www.barkhauseninstitut.org,,,,,
01dvske68,Base4NFDI,,Basic Services for NFDI; Basisdienste für die NFDI,other,Dresden,withdrawn,2023,2024-09-14,2024-12-11,,,Q113544452,https://base4nfdi.de,05qj6w324,,,,
00e8pgs50,Beckmann-Institut für Technologieentwicklung,BTE,,nonprofit,Chemnitz,active,1998,2018-11-14,2024-12-11,,,,http://beckmann-institut.de/,,,,,
04jghfn91,Berufsbildungswerk Leipzig für Hör- und Sprachgeschädigte gGmbH,,BBW Leipzig; BBW-Leipzig-Gruppe; Berufsbildungswerk Leipzig,education,Leipzig,active,1991,2025-03-17,2025-03-17,,,Q828819,https://www.bbw-leipzig.de/ueber-uns/forschung-entwicklung/,,,,,
05rxdtg07,BioCrea (Germany),,,company,Radebeul,active,2010,2018-11-14,2024-12-11,0000 0004 4902 7570,,Q30286772,http://www.biocrea.com/,,,,,
04rreza77,Bombastus-Werke (Germany),,,company,Freital,active,1904,2018-11-14,2024-12-11,0000 0004 5895 0279,,,http://www.bombastus-werke.net/,,,,,
04pphg116,c-LEcta (Germany),,,company,Leipzig,active,2004,2018-11-14,2024-12-11,,,Q30254460,http://www.c-lecta.com/,,,,,
00reyxa23,Cenix BioScience (Germany),,,company,Dresden,active,1999,2018-11-14,2024-12-11,0000 0004 0643 2744,,Q30284366,http://www.cenix-bioscience.com/,,,,,
042b69396,Center for Advanced Systems Understanding,CASUS,,facility,Görlitz,active,2019,2021-09-23,2024-12-11,,,,https://www.casus.science/,01zy2cs03,,,,
0252zrf32,Center for Criminological Research Saxony,ZKFS,Zentrum für kriminologische Forschung Sachsen; Zentrum für kriminologische Forschung Sachsen e.V.,nonprofit,Chemnitz,active,2021,2025-03-17,2025-03-17,0000 0005 0677 1743,,,https://www.zkfs.de,,,,,
01t4ttr56,Center for Scalable Data Analytics and Artificial Intelligence,,ScaDS.AI,education,Dresden,active,2014,2024-08-19,2025-04-28,,,,https://scads.ai,03s7gtk40; 042aqky30,,,,
05hrn3e05,Center for Systems Biology Dresden,CSBD,,facility,Dresden,active,2010,2018-11-14,2025-04-28,,,,http://www.csbdresden.de/,01bf9rw71; 05b8d3w18; 042aqky30,,,,
03chegm58,Cetex (Germany),,,company,Chemnitz,active,2016,2019-11-07,2024-12-11,,,,http://www.cetex.de/,,,,,
00a208s56,Chemnitz University of Technology,,TU Chemnitz; Technische Universität Chemnitz,education; funder,Chemnitz,active,1836,2018-11-14,2024-12-11,0000 0001 2294 5505,100009117,Q159630,https://www.tu-chemnitz.de/index.html.en,,054kgce12,,,
025zpy585,Chemnitzer Werkstoffmechanik GmbH (Germany),CWM,,company,Chemnitz,active,1990,2020-07-06,2024-12-11,,,,https://www.cwm-chemnitz.de/,,,,,
046dsb945,Cicor (Germany),,RHe Microsystems,company,Radeberg,active,1966,2018-11-14,2024-12-11,,,Q30291355,https://www.cicor.com/,,,,,
04ee5c022,Cognitec (Germany),,,company,Dresden,active,2002,2018-11-14,2024-12-11,,,Q54980123,http://www.cognitec.com/,,,,,
005md5539,Colour Control Farbmesstechnik (Germany),,,company,Chemnitz,active,,2020-07-06,2024-12-11,,,,http://www.colour-control.com/,,,,,
00kkpv737,Complexity and Topology in Quantum Matter,CTQMAT,Cluster of Excellence ct.qmat – Complexity and Topology in Quantum Matter; Exzellenzcluster ct.qmat - Komplexität und Topologie in Quantenmaterialien; ct.qmat,facility,Würzburg; Dresden,active,2019,2021-09-23,2025-04-28,,,,https://www.ctqmat.de/,042aqky30; 00fbnyb24,,,,
02yvvjj13,Cornelsen (Germany),,,company,Dresden,active,1946,2019-11-07,2024-12-11,0000 0004 0552 5703,,Q1134065,https://www.cornelsen.de/,,,,,
03na4j812,CreaPhys (Germany),,,company,Dresden,active,1999,2018-11-14,2024-12-11,,,,https://www.creaphys.com,,,,,
03r41zp91,DAS Environmental Expert (Germany),,,company,Dresden,active,1991,2018-11-14,2024-12-11,,,Q30256251,https://www.das-ee.com/,,,,,
01653xx13,Data Futures GmbH,DF,datafutures,nonprofit,Leipzig,active,2017,2024-02-13,2024-12-11,,,,https://www.data-futures.org,,,,,
05nm1mt28,DBI - Gastechnologisches Institut,DBI - GTI,,other,Freiberg,active,,2018-11-14,2024-12-11,,,,http://www.dbi-gti.de/home.html,,,,,
00f1ezm10,Deutsche Gartenbauwissenschaftliche Gesellschaft e. V.,DGG,Deutsche Gartenbauwissenschaftliche Gesellschaft; Deutsche Gartenbauwissenschaftliche Gesellschaft eV; German Society for Horticultural Science,other,Rötha,active,1961,2025-01-21,2025-01-22,0000 0001 0722 7396,,Q15805434,https://dgg-online.org,,,,,
008qpg558,Deutsches Biomasseforschungszentrum,DBFZ,,nonprofit,Leipzig,active,2008,2018-11-14,2024-12-11,0000 0004 0374 1867,,,https://www.dbfz.de,,,,,
04ekv3k57,Development Bank of Saxony,SAB,Sächsische Aufbaubank,other; funder,Dresden,active,1991,2018-11-14,2024-12-11,,501100006298,,https://www.sab.sachsen.de/en/,,,,,
0525npv05,Dr Matzat & Co (Germany),,Spann- und Fertigungstechnik,company,Auerbach,active,,2018-11-14,2024-12-11,,,Q30256114,https://www.dr-matzat.de/de/,,,,,
04wqsqf86,Dresden Academy of Fine Arts,HfBK,Hochschule für Bildende Künste Dresden,education,Dresden,active,1764,2018-11-14,2024-12-11,0000 0001 0768 0430,,Q464752,http://www.hfbk-dresden.de/en/,,,,,
02q6x7761,Dresden Elektronik Ingenieurtechnik (Germany),,,company,Dresden,active,,2018-11-14,2024-12-11,,,,https://www.dresden-elektronik.de/,,,,,
01t4pxy10,Dresden International University,DIU,,education,Dresden,active,2003,2018-11-14,2024-12-11,0000 0000 9874 1261,,Q1258462,http://www.di-uni.de/index.php?id=20,,,,,
04wtxqn67,Dresden State Art Collections,SKD,Staatliche Kunstsammlungen Dresden,archive,Dresden,active,1560,2018-11-14,2024-12-11,0000 0001 2175 757X,,Q653002,http://www.skd.museum/en/homepage/index.html,,,,,
02xx9xx26,Dresdner Grundwasserforschungszentrum,DGFZ,,nonprofit,Dresden,active,1990,2019-11-07,2024-12-11,,,,http://www.dgfz.de/,,,,,
04d8gk172,Duale Hochschule Sachsen,DHSN,Berufsakademie Sachsen,education,Glauchau,active,2025,2025-03-26,2025-03-26,,,,https://www.dhsn.de,,,,,
0441q2c30,DVGW - Technologiezentrum Wasser,TZW,DVGW - Water Technology Center,facility,Dresden,active,1991,2020-12-21,2024-12-11,,,,http://www.tzw.de/,03h3w3289,,,,
02rdrw497,Ebert Ingenieure (Germany),,,company,Leipzig,active,2007,2019-11-07,2024-12-11,0000 0004 6870 8558,,,https://www.eb-ing.com/,,,,,
02azwm483,EControl-Glas (Germany),,,company,Plauen,active,2006,2019-11-07,2024-12-11,,,,https://www.econtrol-glas.de/,,,,,
04690g322,Eilenburger Elektrolyse - und Umwelttechnik (Germany),EUT ,Eilenburger Electrolysis and Environmental Engineering,company,Eilenburg,active,1992,2018-11-14,2024-12-11,,,,http://www.eut-eilenburg.de/EUT-Eilenburg_eng.html,,,,,
02bcmhv69,Electrovaya (Germany),,,company,Kamenz,active,1996,2018-11-14,2024-12-11,,,Q50508106,http://www.electrovaya.com/,03xm51a29,,,,
02m0s8558,Ennovatis (Germany),,,company,Großpösna,active,2000,2018-11-14,2024-12-11,,,Q30256252,https://www.ennovatis.com/,,,,,
0515r0e39,Epilepsiezentrum Kleinwachau Gemeinnützige,,,healthcare,Radeberg,active,,2021-09-23,2024-12-11,,,,https://www.kleinwachau.de/,,,,,
04w19j463,European Alliance Against Depression,EAAD,,nonprofit,Leipzig,active,2008,2018-11-14,2024-12-11,,,,http://www.eaad.net/,,,,,
05n0xah55,Ev. Diakonissenkrankenhaus Leipzig,,,healthcare,Leipzig,active,1900,2020-07-06,2024-12-11,,,Q1208335,https://www.diako-leipzig.de/,,,,,
02r724415,Evangelische Hochschule Dresden,,,education,Dresden,active,1991,2018-11-14,2024-12-11,0000 0001 0207 0529,,,http://www.ehs-dresden.de/,,,,,
04zws1j77,Fabmatics (Germany),,HAP,company,Dresden,active,2016,2018-11-14,2024-12-11,,,,http://www.fabmatics.com/,,,,,
03waye253,Fachhochschule der Sächsischen Verwaltung Meißen,FHSV-FoBiZ,,education,Meissen,active,1992,2018-11-14,2024-12-11,,,,https://www.fhsv.sachsen.de/,,,,,
01vbd1435,Fachhochschule Dresden,,,education,Dresden,active,2010,2023-07-27,2024-12-11,0000 0004 5897 4713,,Q1391187,https://www.fh-dresden.eu,,,,,
00pvgnv60,Fachklinik Weinböhla,,,healthcare,Weinböhla,active,,2018-11-14,2024-12-11,,,,http://www.fk-heidehof.de/startseite/,,,,,
01545pc85,Fachkrankenhaus Hubertusburg,,,healthcare,Wermsdorf,active,,2018-11-14,2024-12-11,0000 0004 0598 0722,,,http://www.fkh-hubertusburg.de/,,,,,
03dyvyv84,Felsenweg-Institut,,,education,Dresden,active,,2019-11-07,2024-12-11,,,,https://www.felsenweginstitut.de/,,,,,
04jpd4145,FormFactor (Germany),,,company,Thiendorf,active,1993,2020-07-06,2024-12-11,,,,https://www.formfactor.com/,03n4yr938,,,,
026374683,Forschungs- und Applikationslabor Plasmatechnik (Germany),FAP,,company,Dresden,active,,2019-11-07,2024-12-11,,,,https://www.fap-gmbh.de/,,,,,
033ynyj02,Forschungsinstitut für Leder und Kunststoffbahnen,FILK,Deutsche Versuchsanstalt für Lederindustrie,facility,Freiberg,active,1889,2018-11-14,2024-12-11,0000 0004 0619 6112,,,http://www.filkfreiberg.de/1/,,,,,
04279xj48,Forward Pharma (Germany),,,company,Leipzig,active,2005,2018-11-14,2024-12-11,,,,https://forward-pharma.com/,,,,,
03h61ra63,Fraunhofer Center for International Management and Knowledge Economy,IMW,Fraunhofer IMW; Fraunhofer-Zentrum für Internationales Management und Wissensökonomie,facility,Leipzig,active,2006,2018-11-14,2024-12-11,0000 0004 0542 1568,,Q1452057,https://www.imw.fraunhofer.de/,05hkkdn48,,,,
04x45f476,Fraunhofer Institute for Cell Therapy and Immunology,IZI,Fraunhofer IZI; Fraunhofer-Institut für Zelltherapie und Immunologie,facility; funder,Leipzig,active,2005,2018-11-14,2024-12-11,0000 0004 0494 3022,501100010412,Q1313270,http://www.izi.fraunhofer.de/fraunhofer-izi.html?L=1,05hkkdn48,,,,
0448sak71,Fraunhofer Institute for Ceramic Technologies and Systems,IKTS,Fraunhofer IKTS; Fraunhofer-Institut für Keramische Technologien und Systeme,facility,Dresden,active,1992,2018-11-14,2024-12-11,0000 0001 2034 8950,,Q1452015,http://www.ikts.fraunhofer.de/en.html,05hkkdn48,,,,
02h12bg79,Fraunhofer Institute for Electronic Nano Systems,ENAS,Fraunhofer ENAS; Fraunhofer-Institut für Elektronische Nanosysteme,facility,Chemnitz,active,2008,2018-11-14,2024-12-11,0000 0001 0131 7307,,Q1452000,https://www.enas.fraunhofer.de,05hkkdn48,,,,
00s5yp124,"Fraunhofer Institute for Integrated Circuits IIS, Division Engineering of Adaptive Systems EAS",IIS/EAS,"Fraunhofer IIS/EAS; Fraunhofer-Institut für Integrierte Schaltungen IIS, Institutsteil Entwicklung Adaptiver Systeme EAS",facility,Dresden,active,1992,2018-11-14,2024-12-11,,,Q30265075,http://www.eas.iis.fraunhofer.de/en.html,024ape423,,,,
026taa863,Fraunhofer Institute for Machine Tools and Forming Technology,IWU,Fraunhofer IWU; Fraunhofer-Institut für Werkzeugmaschinen und Umformtechnik,facility,Chemnitz,active,1991,2018-11-14,2024-12-11,0000 0004 0574 2038,,Q1452042,http://www.iwu.fraunhofer.de/en.html,05hkkdn48,,,,
05h8wjh50,Fraunhofer Institute for Material and Beam Technology,IWS,Fraunhofer IWS; Fraunhofer-Institut für Werkstoff- und Strahltechnik,facility,Dresden,active,1990,2018-11-14,2024-12-11,0000 0001 0273 2836,,Q1452043,http://www.iws.fraunhofer.de/en.html,05hkkdn48,,,,
03vvewn46,"Fraunhofer Institute for Organic Electronics, Electron Beam and Plasma Technology",FEP,"Fraunhofer FEP; Fraunhofer-Institut für Organische Elektronik, Elektronenstrahl- und Plasmatechnik",facility,Dresden,active,1991,2018-11-14,2024-12-11,,,Q1451998,http://www.fep.fraunhofer.de/en.html,05hkkdn48,,,,
020n3fw10,Fraunhofer Institute for Photonic Microsystems,IPMS,Fraunhofer IPMS; Fraunhofer-Institut für Photonische Mikrosysteme,facility,Dresden,active,2003,2018-11-14,2024-12-11,0000 0001 0412 8165,,Q1391898,http://www.ipms.fraunhofer.de/en/,05hkkdn48,,,,
01nqmht92,Fraunhofer Institute for Transportation and Infrastructure Systems,IVI,Fraunhofer IVI; Fraunhofer-Institut für Verkehrs- und Infrastruktursysteme,facility,Dresden,active,1999,2018-11-14,2024-12-11,0000 0004 0542 1090,,Q1452041,http://www.ivi.fraunhofer.de/en.html,05hkkdn48,,,,
038f3wn67,Freiberger Compound Materials (Germany),FCM,,company,Freiberg,active,1995,2020-07-06,2024-12-11,,,,https://freiberger.com/,,,,,
02hyyn853,Freistaat Sachsen,,Free State of Saxony,government; funder,Dresden,active,,2024-02-13,2024-12-11,0000 0004 0555 6964,501100014913,Q1202,https://www.freistaat.sachsen.de,,,,,
04wn6w972,Förderverein Institut für Medizintechnik Dresden,IMT,IMT-Dresden GmbH,nonprofit,Radebeul,active,1992,2019-11-07,2025-04-28,,,,http://www.imt-dresden.de/,042aqky30,,,,
01kf4j136,G.E.O.S. Ingenieurgesellschaft (Germany),,,company,Halsbrücke,active,1990,2019-11-07,2024-12-11,,,,https://www.geosfreiberg.de,,,,,
01jty7g66,German Centre for Integrative Biodiversity Research,iDiv,Deutsches Zentrum für integrative Biodiversitätsforschung; German Center for Integrative Biodiversity Research,facility; funder,Leipzig,active,2010,2018-11-14,2025-01-22,0000 0004 7470 3956,501100020056,Q1206134,https://www.idiv.de,,,03s7gtk40; 05gqaka33; 05qpz1x62; 000h6jb29,,
0282rt868,German Hygiene Museum,,Deutsches Hygiene-Museum,archive,Dresden,active,1912,2018-11-14,2024-12-11,0000 0001 2158 7427,,Q874373,http://www.dhmd.de/,,,,,
00ynyd598,Gesellschaft für Materialforschung und Prüfungsanstalt für das Bauwesen (Germany),MFPA,,company,Leipzig,active,1956,2019-11-07,2024-12-11,0000 0001 0412 7170,,,https://www.mfpa-leipzig.de/,,,,,
0108xkp59,Gesellschaft für Mikroelektronikanwendung Chemnitz (Germany),GEMAC,GEMAC Chemnitz,company,Chemnitz,active,1992,2018-11-14,2024-12-11,,,Q30256726,https://gemac-chemnitz.com/de/,,,,,
045jad561,GlobalFoundries (Germany),,,company,Dresden,active,2009,2018-11-14,2024-12-11,0000 0004 0495 4784,,,http://www.globalfoundries.com/,02h0ps145,,,,
01tx9js75,Groundwater Center,GWZ,Grundwasser-Zentrum,nonprofit,Dresden,active,1990,2018-11-14,2024-12-11,0000 0004 0607 1926,,,http://www.gwz-dresden.de/en/,,,,,
03acsgj85,Großmann Ingenieur Consult (Germany),GICON,,company,Dresden,active,,2019-11-07,2024-12-11,,,,https://www.gicon.de,,,,,
049ag6g97,GWT-TUD (Germany),,,company,Dresden,active,1996,2018-11-14,2024-12-11,,,,http://gwtonline.de/,,,,,
042wjdg05,Hannah-Arendt-Institut für Totalitarismusforschung e.V. an der TU Dresden,HAIT,Hannah Arendt Institute for Totalitarianism Studies,facility,Dresden,active,1993,2024-05-27,2025-04-28,0000 0001 0663 7844,,Q1575772,https://hait.tu-dresden.de,,,042aqky30,,
0424v9690,Heliatek (Germany),,,company,Dresden,active,2006,2018-11-14,2024-12-11,0000 0004 0641 2081,,Q30289894,https://www.heliatek.com/,,,,,
02q7ym472,Helios Park-Klinikum Leipzig,,Park-Krankenhaus Leipzig,healthcare,Leipzig,active,1997,2018-11-14,2024-12-11,0000 0004 0581 1873,,Q30296348,http://www.helios-kliniken.de/klinik/leipzig-park-klinikum.html,04fjkxc67,,,,
05ktfmr66,Helios Vogtland Klinikum Plauen,,,healthcare,Plauen,active,1255,2018-11-14,2024-12-11,0000 0000 9466 4668,,,https://www.helios-gesundheit.de/kliniken/plauen-vogtland-klinikum/,04fjkxc67,,,,
000h6jb29,Helmholtz Centre for Environmental Research,UFZ,Helmholtz Centre for Environmental Research - UFZ; Helmholtz-Zentrum für Umweltforschung; Helmholtz-Zentrum für Umweltforschung - UFZ; Helmholtz-Zentrum für Umweltforschung GmbH; Helmholtz-Zentrum für Umweltforschung GmbH -UFZ,facility; funder,Leipzig,active,1991,2018-11-14,2025-01-22,0000 0004 0492 3830,501100004813,Q880999,https://www.ufz.de,0281dp749,,01jty7g66,,
04kdb0j04,Helmholtz Institute Freiberg for Resource Technology,HIF,Helmholtz-Institut Freiberg für Ressourcentechnologie,government,Freiberg,active,2011,2018-11-14,2024-12-11,0000 0004 8004 3165,,,http://www.hzdr.de/db/Cms?pNid=2423,01zy2cs03,,,,
01zy2cs03,Helmholtz-Zentrum Dresden-Rossendorf,HZDR,,facility; funder,Dresden,active,1992,2018-11-14,2024-12-11,0000 0001 2158 0612,501100014754,Q883545,https://www.hzdr.de,0281dp749,04kdb0j04; 042b69396; 01zy07c70,04wcn4e27,,
01jx86h05,Herzzentrum Dresden Universitaetsklinik,HZDD,"Heart Center Dresden; Heart Center Dresden, University Hospital; Herzzentrum Dresden",healthcare,Dresden,active,1995,2025-02-26,2025-04-28,,,Q21032368,http://www.herzzentrum-dresden.com,042aqky30,,,,
00vjd4k74,HHL Leipzig Graduate School of Management,HHL,Handelshochschule Leipzig,education,Leipzig,active,1898,2018-11-14,2024-12-11,0000 0001 0728 9327,,Q679945,https://www.hhl.de,,,,,
02dxkcn59,Hochschuldidaktischen Zentrum Sachsen,HDS,,education,Leipzig,active,,2019-11-07,2024-12-11,,,,http://www.hd-sachsen.de,,,,,
03hzkp562,Hochschule für Grafik und Buchkunst Leipzig,HGB,"Academy of Visual Arts Leipzig; Zeichnungs-, Mahlerey und Architectur-Akademie",education,Leipzig,active,1764,2018-11-14,2024-12-11,0000 0001 0671 1864,,Q315175,http://www.hgb-leipzig.de/index.php?a=aktuell&js=2,,,,,
01y01jq30,Hochschule für Musik Dresden,HfM DD,"Carl Maria von Weber College of Music; Carl Maria von Weber College of Music in Dresden; Dresden College of Music; Dresden Conservatory; Dresden Royal Conservatory; Hochschule für Musik ""Carl Maria von Weber""",education,Dresden,active,1856,2018-11-14,2025-03-26,0000 0001 2319 9065,,Q468181,https://www.hfmdd.de,,,,,
05q5pk319,Hochschule für Technik und Wirtschaft Dresden – University of Applied Sciences,HTWD,Dresden University of Applied Sciences; HTW Dresden; HTWD - University of Applied Sciences; Hochschule für Technik und Wirtschaft Dresden,education,Dresden,active,1992,2018-11-14,2024-12-11,0000 0004 0643 2840,,Q1622222,https://www.htw-dresden.de,,,,,
05k9vmz93,Hochschule für Telekommunikation Leipzig,HFTL,,education,Leipzig,active,1953,2018-11-14,2024-12-11,0000 0001 2044 7721,,,https://www.hft-leipzig.de/en.html,,,,,
024ga3r86,Hochschule Mittweida,,University of Applied Sciences Mittweida,education,Mittweida,active,1867,2018-11-14,2024-12-11,,,Q202952,https://www.hs-mittweida.de,,,,,
01vd6wz59,Hoppecke (Germany),,,company,Zwickau,active,1927,2019-11-07,2024-12-11,0000 0004 0598 3392,,Q571391,https://www.hoppecke.com,,,,,
04j7sfe76,IBExU Institut für Sicherheitstechnik (Germany),IBExU,,company,Freiberg,active,1928,2019-11-07,2024-12-11,,,,https://ibexu.de/,,,,,
02na67p17,IBZ - Salzchemie (Germany),,,company,Halsbrücke,active,2003,2019-02-17,2024-12-11,,,,http://www.ibz-freiberg.de/en,,,,,
05dad0z78,ICM Chemnitz,,Institute Chemnitzer Maschinen - und Anlagenbau,facility,Chemnitz,active,1992,2018-11-14,2024-12-11,,,,http://icm-chemnitz.de/,,,,,
02sy3xj90,IFB Adiposity Diseases,IFB,IFB AdipositasErkrankungen,facility,Leipzig,active,,2018-11-14,2024-12-11,,,,http://www.ifb-adipositas.de/en,028hv5492,,03s7gtk40,,
04jn1bv21,IFDT - Institut für Digitale Technologien,IFDT,Institut für Digitale Technologien; Institute for Digital Technologies,nonprofit,Leipzig,active,2017,2025-08-25,2025-08-26,,,,https://www.ifdt.org,,,,,
03hx70e06,IFU Privates Institut für Analytik (Germany),,IFU GmbH Privates Institut für Analytik,company,Frankenberg,active,2004,2019-11-07,2024-12-11,,,,http://www.ifu-analytik.de/,,,,,
053x0fn40,IKK Classic,,,healthcare,Dresden,active,2010,2018-11-14,2024-12-11,,,,https://www.ikk-classic.de/,,,,,
01p89z653,IMA Materialforschung und Anwendungstechnik,,IMA Dresden,company,Dresden,active,1958,2018-11-14,2024-12-11,0000 0004 0581 2235,,,http://www.ima-dresden.de/,,,,,
04zmnq951,Immutep (Germany),,Prima Biomed,company,Leipzig,active,2001,2018-11-14,2024-12-11,,,,http://www.immutep.com/,,,,,
052k2qm78,Industrial Research & Engineering (Germany),IRE,,company,Dresden,active,,2019-11-07,2024-12-11,,,,http://www.ire-germany.com/,,,,,
01rhrdz17,InfraTec (Germany),,,company,Dresden,active,1991,2018-11-14,2024-12-11,,,Q30289839,https://www.infratec.de/,,,,,
02rs64x70,Ingenieurgesellschaft für Zuverlässigkeit und Prozessmodellierung (Germany),IZP,,company,Dresden,active,1998,2019-11-07,2024-12-11,,,,https://www.izp.de,,,,,
02rmvby88,Institut für Angewandte Trainingswissenschaft,IAT,,facility,Leipzig,active,1992,2019-11-07,2024-12-11,0000 0000 9587 3138,,Q1664800,http://www.iat.uni-leipzig.de/,,,,,
03e5gcq07,Institut für Ausbildung Jugendlicher,IAJ,,education,Annaberg-Buchholz,active,1991,2019-11-07,2024-12-11,,,,https://www.iaj.de/,,,,,
058rtc669,Institut für Diagnostik und Konservierung an Denkmalen in Sachsen und Sachsen-Anhalt,IDK,,facility,Dresden,active,,2019-11-07,2024-12-11,,,,http://www.idk-info.de/,,,,,
02khpps76,Institut für Gebirgsmechanik (Germany),,,company,Leipzig,active,1990,2018-11-14,2024-12-11,,,Q30290093,http://www.ifg-leipzig.com/de/home/,,,,,
00me29179,Institut für Holztechnologie Dresden,IHD,,facility,Dresden,active,1952,2019-11-07,2025-04-28,0000 0004 0426 6279,,Q18123310,https://www.ihd-dresden.com,042aqky30,,,,
05v0k1d18,Institut für Korrosionsschutz Dresden,IKS,,nonprofit,Dresden,active,1991,2018-11-14,2024-12-11,,,,https://www.iks-dresden.de/i,,,,,
056andb48,Institut für Leichte Elektrische Antriebe und Generatoren (Germany),ILEAG,,company,Zwickau,active,,2019-11-07,2024-12-11,,,,https://www.ileag.de/,,,,,
00njqng43,Institut für Musikinstrumentenbau,IfM,,facility,Zwota,active,1951,2019-11-07,2024-12-11,,,,https://www.ifm-zwota.de/,,,,,
02hcvme33,Institut für Nichtklassische Chemie,INC,,facility,Leipzig,active,1996,2018-11-14,2024-12-11,,,,http://research.uni-leipzig.de/inc/index_engl.htm,,,03s7gtk40,,
00d22z552,Institut für Qualitätssicherung von Stoffsystemen Freiberg,IQS,,facility,Freiberg,active,1996,2019-11-07,2024-12-11,,,,http://www.iqs-freiberg.com/index.php/en/,,,,,
04r7vw960,Institut für Regionale Innovation und Sozialforschung,IRIS,,facility,Dresden,active,1992,2019-11-07,2024-12-11,,,,https://www.iris-ev.de/,,,,,
015706c71,Institut für Stahlbau Leipzig (Germany),ISL,,company,Leipzig,active,1960,2019-11-07,2024-12-11,,,,http://www.islnet.de/,,,,,
023vb4t46,Institut für Sächsische Geschichte und Volkskunde,ISGV,,facility,Dresden,active,1997,2018-11-14,2024-12-11,0000 0004 4682 6924,,,http://www.isgv.de/,,,,,
01bxpwm10,Institut für Wasser und Boden Dr. Uhlmann,IWB,,facility,Dresden,active,2001,2019-11-07,2024-12-11,,,,http://www.iwb-dresden.de/index.php/en/,,,,,
045jj6w47,Institute for Building Systems Engineering Dresden Research and Application,,ITG Institute for Building Systems Engineering Dresden Research and Application,facility,Dresden,active,,2019-11-07,2024-12-11,,,,http://www.itg-dresden.de,,,,,
03xp99m49,Institute for Integrated Management of Material Fluxes and of Resources,UNU-FLORES,,education,Dresden,active,2012,2020-10-19,2024-12-11,,,Q23044799,https://flores.unu.edu/en/,01cdrde68,,,,
0527w8j59,Institute for Technical and Scientific Hydrology (Germany),itwh,Institut für technisch-wissenschaftliche Hydrologie,company,Dresden,active,,2019-11-07,2024-12-11,,,,https://www.itwh.de/de/,,,,,
05tvfb833,Institute of Air Handling and Refrigeration,ILK,Institut für Luft- und Kältetechnik,facility,Dresden,active,1990,2018-11-14,2024-12-11,0000 0001 2168 6396,,,http://www.ilkdresden.de/en/,,,,,
056qj1t15,Institute of Automation,,Institut für Automatisierungstechnik,facility,Dresden,active,,2019-11-07,2025-04-28,,,,http://www.et.tu-dresden.de/ifa/,042aqky30,,,,
02b790a63,Institute of Computer Vision and Applied Computer Sciences,IBaI,,facility,Leipzig,active,1995,2019-11-07,2024-12-11,,,,http://www.ibai-institut.de/,,,,,
020z28a80,Institute of Electrical Power Systems and High Voltage Engineering,IEEH,Institut für Elektrische Energieversorgung und Hochspannungstechnik,facility,Dresden,active,,2025-06-24,2025-06-24,,,,https://tu-dresden.de/ing/elektrotechnik/ieeh,042aqky30,,,,
03pqf0084,International University Institute,IHI,Geschichte des Internationalen Hochschulinstituts (IHI) Zittau; International Graduate School (IHI) Zittau,education,Zittau,active,1993,2018-11-14,2024-12-11,,,,http://www.ihi-zittau.de/cms/en/803/News/,,,,,
00xx3t779,ITW,,"Institut für innovative Technologien, Technologietransfer, Ausbildung und berufsbegleitende Weiterbildung",facility,Chemnitz,active,,2018-11-14,2024-12-11,,,,http://itw2.itw-chemnitz.de/,,,,,
01chd1z63,Joyson Safety Systems (Germany),JSS,Breed Technologies; Key Safety Systems,company,Dresden,active,1986,2018-11-14,2024-12-11,0000 0004 4672 7854,,Q29123878,https://joysonsafety.com/,01e00z659,,,,
02k7w8856,Keramikinstitut,,,facility,Meissen,active,2000,2018-11-14,2024-12-11,,,,http://www.keramikinstitut.com/en/,,,,,
026rvyt77,Klinik Bavaria,,,healthcare,Kreischa,active,,2018-11-14,2024-12-11,0000 0001 0338 671X,,,http://www.bavaria-schulen.de/,,,,,
056gvz809,Klinik und Poliklinik für Augenheilkunde am Universitätsklinikum Carl Gustav Carus,,,healthcare,Dresden,active,,2018-11-14,2024-12-11,,,Q43896584,http://augen.uniklinikum-dresden.de/,04za5zm41,,,,
03cr5e788,"Klinik und Poliklinik für Hals-, Nasen-, Ohrenheilkunde",,,healthcare,Leipzig,active,,2018-11-14,2024-12-11,,,,http://hno.uniklinikum-leipzig.de/,028hv5492,,,,
01ec7fw73,Klinik und Poliklinik für Psychosomatische Medizin und Psychotherapie,,,healthcare,Leipzig,active,,2018-11-14,2024-12-11,,,,"http://psychsom.uniklinikum-leipzig.de/psychosom.site,postext,forschung.html",,,,,
05medrv10,Klinik und Poliklinik für Psychotherapie und Psychosomatik,,,healthcare,Dresden,active,,2018-11-14,2024-12-11,,,,https://www.uniklinikum-dresden.de/de/das-klinikum/kliniken-polikliniken-institute/pso,04za5zm41,,,,
00gfym921,Klinik und Poliklinik für Urologie,,,healthcare,Dresden,active,,2018-11-14,2024-12-11,,,Q50038732,https://www.uniklinikum-dresden.de/de/das-klinikum/kliniken-polikliniken-institute/uro,04za5zm41,,,,
04wkp4f46,Klinikum Chemnitz,,,healthcare,Chemnitz,active,1994,2018-11-14,2024-12-11,0000 0004 0389 4214,,Q1774602,https://www.klinikumchemnitz.de,,,03s7gtk40,,
00qcpjs09,Klinikum Görlitz,,,healthcare,Görlitz,active,1905,2018-11-14,2025-04-28,,,,http://www.klinikum-goerlitz.de/,,,042aqky30,,
02y8hn179,Klinikum St. Georg,,,healthcare,Leipzig,active,1212,2018-11-14,2024-12-11,0000 0001 0690 7373,,Q1492004,http://www.sanktgeorg.de/home.html,,,,,
035xba693,Krankenhaus Dresden-Friedrichstadt,,,healthcare,Dresden,active,1849,2018-11-14,2025-04-28,0000 0000 8578 5687,,,http://www.khdf.de/cms/index.php?id=2&amp;site=www&amp;lang=de,,,042aqky30,,
05xptf671,Kurt-Schwabe-Institut für Mess- und Sensortechnik Meinsberg,,,facility,Waldheim,active,1945,2018-11-14,2024-12-11,,,,http://www.ksi-meinsberg.de/,,,,,
01s776747,KVB Institut für Konstruktion und Verbundbauweisen,KVB,,facility,Döbeln,active,1994,2018-11-14,2024-12-11,,,,http://www.kvb-forschung.de/,,,,,
02kv9xm28,Landesamt für Archäologie Sachsen,,Archaeological Heritage Office in Saxony,archive,Dresden,active,1991,2018-11-14,2024-12-11,0000 0001 2152 2236,,,http://www.lfa.sachsen.de/,,,,,
056wznz27,Landesamt für Denkmalpflege Sachsen,LfD,,government,Dresden,active,,2018-11-14,2024-12-11,0000 0001 2375 0718,,Q1420476,http://www.denkmalpflege.sachsen.de/,,,,,
05y895e77,Landesuntersuchungsanstalt Sachsen,,,government,Dresden,active,,2018-11-14,2024-12-11,0000 0004 0636 2942,,,https://www.lua.sachsen.de/,,,,,
03p8xz723,Lausitzer Seenland Klinikum,,,healthcare,Hoyerswerda,active,1898,2019-12-18,2024-12-11,,,Q81654821,https://www.seenlandklinikum.de/,,,,,
04b55a558,Leag (Germany),,,company,Boxberg,active,2016,2019-11-07,2024-12-11,0000 0004 6326 7992,,Q27230613,https://www.leag.de,,,,,
03j1wg370,Leibniz Institute for Jewish History and Culture – Simon Dubnow,DI,Dubnow-Institut; Leibniz-Institut für jüdische Geschichte und Kultur – Simon Dubnow,other,Leipzig,active,1995,2019-05-06,2024-12-11,0000 0001 1086 6279,,,http://www.dubnow.de/institut/aktuelles/,01n6r0e97,,,,
02wt6e634,Leibniz Institute for Regional Geography,IfL,Leibniz-Institut für Länderkunde,facility,Leipzig,active,1896,2018-11-14,2024-12-11,0000 0001 1014 1323,,,http://www.ifl-leipzig.de/,01n6r0e97,,,,
04zb59n70,Leibniz Institute for Solid State and Materials Research,IFW,Leibniz IFW Dresden; Leibniz-Institut für Festkörper- und Werkstoffforschung Dresden,facility,Dresden,active,1992,2018-11-14,2024-12-11,0000 0000 9972 3583,,Q835883,http://www.ifw-dresden.de/,01n6r0e97,,,,
04tjfqn96,Leibniz Institute for the History and Culture of Eastern Europe (GWZO),GWZO,Geisteswissenschaftliches Zentrum Geschichte und Kultur Ostmitteleuropas; Leibniz-Institut für Geschichte und Kultur des östlichen Europa (GWZO),other,Leipzig,active,1995,2019-05-06,2024-12-11,0000 0001 2168 0824,,,https://leibniz-gwzo.de/de,01n6r0e97,,,,
03a5xsc56,Leibniz Institute for Tropospheric Research,TROPOS,Leibniz-Institut für Troposphärenforschung,facility; funder,Leipzig,active,1992,2018-11-14,2024-12-11,0000 0000 8720 1454,501100015235,Q1607075,https://www.tropos.de/en/,01n6r0e97,,033zfn006,,
02t26g637,Leibniz Institute of Ecological Urban and Regional Development,IOER,Leibniz-Institut für ökologische Raumentwicklung,facility,Dresden,active,1992,2018-11-14,2024-12-11,0000 0001 2223 4009,,Q1813774,https://www.ioer.de,01n6r0e97,,,,
01tspta37,Leibniz Institute of Polymer Research,IPF,Leibniz-Institut für Polymerforschung Dresden,facility; funder,Dresden,active,1992,2018-11-14,2024-12-11,0000 0000 8583 7301,501100013224,,http://www.ipfdd.de/en/home/our-mission/,01n6r0e97,,,,
04vx4mk32,Leibniz Institute of Surface Engineering,IOM,Leibniz-Institut für Oberflächenmodifizierung,facility,Leipzig,active,1992,2018-11-14,2024-12-11,0000 0000 8788 0442,,,http://www.iom-leipzig.de/en/,01n6r0e97,,,,
02kj91m96,Leipzig Heart Institute,,,facility,Leipzig,active,2015,2018-11-14,2024-12-11,,,,http://leipzig-heart.de/,04fjkxc67,,,,
001dmmw97,Leipzig Research Centre Global Dynamics,,ReCentGlobe,education,Leipzig,active,2020,2024-07-08,2024-12-11,,,,https://recentglobe.uni-leipzig.de,,,,,
03s7gtk40,Leipzig University,,Universität Leipzig,education; funder,Leipzig,active,1409,2018-11-14,2025-05-05,0000 0004 7669 9786,501100008678; 501100019694,Q154804,https://www.uni-leipzig.de/en/,,05s928n76; 01t4ttr56,02sy3xj90; 02hcvme33; 04wkp4f46; 028hv5492; 01jty7g66,,
03xgcq477,Leipzig University of Applied Sciences,,"HTWK Leipzig; Hochschule für Technik, Wirtschaft und Kultur Leipzig",education,Leipzig,active,1992,2018-11-14,2024-12-11,0000 0001 2163 0667,,Q1622216,https://www.htwk-leipzig.de,,,,,
03mxqcg82,Leipzig/Halle Airport,,Flughafen Leipzig/Halle,other,Schkeuditz,active,1927,2018-11-14,2024-12-11,0000 0001 2196 5897,,Q668382,https://www.leipzig-halle-airport.de/en/,,,,,
02pc86x52,Leipziger Institut für Angewandte Weiterbildungsforschung,LIWF,,other,Leipzig,active,2002,2019-11-07,2024-12-11,,,,https://liwf.de/,,,,,
013e7et93,Leipziger Institut für Energie,,,facility,Leipzig,active,,2018-11-14,2024-12-11,,,,http://www.ie-leipzig.com/de,01jm19r53,,,,
01t4pzq33,Max Bergmann Zentrum für Biomaterialien,MBZ,,facility,Dresden,active,2002,2018-11-14,2024-12-11,0000 0004 4902 0627,,,http://www.mbc-dresden.de/,,,,,
01c997669,Max Planck Institute for Chemical Physics of Solids,,Max-Planck-Institut für Chemische Physik Fester Stoffe,facility,Dresden,active,1660,2018-11-14,2024-12-11,0000 0004 0491 351X,,,http://www.cpfs.mpg.de/en,01hhn8329,,,,
02a33b393,Max Planck Institute for Evolutionary Anthropology,,Max-Planck-Institut für Evolutionäre Anthropologie,facility; funder,Leipzig,active,1997,2018-11-14,2024-12-11,0000 0001 2159 1813,501100007768,Q682926,http://www.eva.mpg.de/index.html,01hhn8329,,,,
0387jng26,Max Planck Institute for Human Cognitive and Brain Sciences,,Max-Planck-Institut für Kognitions- und Neurowissenschaften,facility; funder,Leipzig,active,2004,2018-11-14,2024-12-11,0000 0001 0041 5028,501100007766,Q257792,http://www.cbs.mpg.de/en,01hhn8329,,,,
00ez2he07,Max Planck Institute for Mathematics in the Sciences,MPI-MIS,Max-Planck-Institut für Mathematik in den Naturwissenschaften,facility; funder,Leipzig,active,1996,2018-11-14,2024-12-11,0000 0004 0491 7940,501100013296,Q1912085,http://www.mis.mpg.de/index.html,01hhn8329,,,,
01bf9rw71,Max Planck Institute for the Physics of Complex Systems,,Max-Planck-Institut für Physik Komplexer Systeme,facility; funder,Dresden,active,,2018-11-14,2024-12-11,0000 0001 2154 3117,501100007767,Q6795124,https://www.pks.mpg.de/institute/,01hhn8329,05hrn3e05,,,
05b8d3w18,Max Planck Institute of Molecular Cell Biology and Genetics,MPI-CBG,Max-Planck-Institut für Molekulare Zellbiologie und Genetik,facility,Dresden,active,1998,2018-11-14,2024-12-11,0000 0001 2113 4567,,Q317361,http://www.mpi-cbg.de/,01hhn8329,05hrn3e05,,,
02nxnzz65,Meteorologie Consult (Germany),,,company,Königstein,active,1976,2018-11-14,2024-12-11,,,Q30285085,http://www.metcon-us.com/,,,,,
03ajfdb10,Meyer Burger Technology (Germany),,,company,Hohenstein-Ernstthal,active,1999,2018-11-14,2024-12-11,,,,http://www.meyerburger.com/,04j539t95,,,,
03fry2j13,Museum für Naturkunde Chemnitz,,,archive,Chemnitz,active,2004,2018-11-14,2024-12-11,0000 0004 9549 2852,,,http://www.naturkundemuseum-chemnitz.de/en/startseite.html,,,,,
028070c57,NaMLab (Germany),,,company,Dresden,active,2006,2018-11-14,2025-04-28,0000 0004 4902 0598,,Q47462771,http://www.namlab.de/home?set_language=en&cl=en,042aqky30,,,,
01zy07c70,Nationales Centrum für Tumorerkrankungen Dresden,,NCT Dresden; National Center for Tumor Diseases Partner Site Dresden,healthcare,Dresden,active,,2023-04-27,2025-04-28,0000 0004 8003 5480,,,https://www.nct-dresden.de,04cdgtt98; 04za5zm41; 042aqky30; 01zy2cs03,,,,
02jskg402,Naturalienkabinett Waldenburg,,,archive,Waldenburg,active,1840,2019-11-07,2024-12-11,,,Q1582567,http://www.museum-waldenburg.de/,,,,,
00nc2d154,Nestlé (Germany),,,company,Markranstädt,active,1866,2018-11-14,2024-12-11,0000 0004 0580 3769,,Q50038441,https://www.nestle.de/,01v5xwf23,,,,
05ch34p88,Neurologisches Rehabilitationszentrum Leipzig,NRZ,NRZ Leipzig,healthcare,Bennewitz,active,1997,2018-11-14,2024-12-11,,,,http://www.nrz-leipzig.de/index.php?id=670,,,,,
029tvtf63,Nuvo Pharmaceuticals (Germany),,,company,Leipzig,active,1983,2018-11-14,2024-12-11,,,Q30269177,http://www.nuvopharmaceuticals.com/,00qe6gb33,,,,
03aysbj82,OncoRay,,OncoRay – Nationales Zentrum für Strahlenforschung in der Onkologie,healthcare,Dresden,active,,2018-11-14,2024-12-11,,,,http://www.oncoray.de/,,,,,
05090cn78,Onkozentrum Dresden,,,healthcare,Dresden,active,,2018-11-14,2024-12-11,,,,http://www.onkozentrum.de/,,,,,
01zvnqb17,Organic Electronics Saxony (Germany),OES,,company,Dresden,active,2008,2018-11-14,2024-12-11,,,Q21040689,https://oes-net.de/en/home/,,,,,
01ptm9403,Palucca Hochschule für Tanz Dresden,,,education,Dresden,active,1925,2018-11-14,2024-12-11,0000 0004 0524 4661,,,http://www.palucca.eu/en.html,,,,,
020268t49,Papiertechnische Stiftung,PTS,,nonprofit,Heidenau,active,1951,2018-11-14,2024-12-11,0000 0001 0682 2580,,Q2050753,http://www.ptspaper.com/,,,,,
05ke5hb07,Paul Langerhans Institute Dresden,PLID,Paul Langerhans Institut Dresden,facility,Dresden,active,,2019-11-07,2025-04-28,,,,https://tu-dresden.de/med/mf/plid,00cfam450; 042aqky30; 04za5zm41,,,,
04zwys509,Petkus (Germany),,Röber Institut,company,Eilenburg,active,1852,2019-11-07,2024-12-11,,,Q15124612,http://www.petkus.de/,,,,,
04gpj3340,Poliklinik für Zahnerhaltung und Parodontologie,,,healthcare,Leipzig,active,,2018-11-14,2024-12-11,,,,http://zahnerhaltung.uniklinikum-leipzig.de/,028hv5492,,,,
020f8h126,Poliklinik für Zahnärztliche Prothetik und Werkstoffkunde,,,healthcare,Leipzig,active,,2018-11-14,2024-12-11,,,,http://prothetik.uniklinikum-leipzig.de/,028hv5492,,,,
02t5bjk31,Pulsotronic (Germany),,,company,Niederdorf,active,2001,2018-11-14,2024-12-11,,,Q30291556,https://www.pulsotronic.de/index.php?lang=en,,,,,
05nt5a548,Q-Cells (Germany),,,company,Thalheim,active,1999,2019-11-07,2024-12-11,0000 0004 5997 3923,,Q265176,https://www.q-cells.com/,,,,,
018723a84,Qpoint Composite (Germany),,,company,Dresden,active,2009,2018-11-14,2024-12-11,,,,http://www.qpoint-composite.de/Unternehmen/42l1/,,,,,
03m629g08,Roland Ernst Stiftung,RES,,nonprofit; funder,Dresden,active,1996,2018-11-14,2024-12-11,0000 0005 0272 0658,501100019173,,http://www.roland-ernst-stiftung.de/,,,,,
05sa17k06,Roth and Rau (Germany),,,company,Hohenstein-Ernstthal,active,1991,2018-11-14,2024-12-11,,,Q2168566,http://www.roth-rau.de/,,,,,
049g3g548,Sana Kliniken Leipziger Land,,,healthcare,Borna,active,,2018-11-14,2024-12-11,,,,https://www.kliniken-leipziger-land.de/,,,,,
03zxjdk07,Saxon Academy of Sciences and Humanities in Leipzig,,Saxon Academy of Sciences in Leipzig; Sächsische Akademie der Wissenschaften zu Leipzig,facility; funder,Leipzig,active,1846,2018-11-14,2025-02-26,0000 0004 0385 9929,501100007428,Q451079,https://www.saw-leipzig.de,,,,,
04904ph59,Saxon Institute for Applied Biotechnology,SIAB,Cаксонский институт прикладной биотехнологии; Instituto Sajón de Biotecnología Aplicada anexo; Sächsisches Institut für Angewandte Biotechnologie,facility,Leipzig,active,1997,2018-11-14,2024-12-11,,,,http://www.siab-biotechnologie.de/en/,,,,,
00htbzg76,Saxon Memorial Foundation,,Stiftung Sächsische Gedenkstätten zur Erinnerung an die Opfer politischer Gewaltherrschaft,nonprofit,Dresden,active,1994,2019-02-17,2024-12-11,0000 0000 9411 915X,,Q2349185,https://en.stsg.de,,,,,
01qjbb734,Saxon Police Force,FH,Hochschule der Sächsischen Polizei,education,Rothenburg,active,1994,2018-11-14,2024-12-11,,,,https://www.polizei.sachsen.de/eng/index.htm,,,,,
05wnef833,Saxon State Ministry for Science and the Arts,SMWK,Sächsisches Staatsministerium für Wissenschaft und Kunst,government; funder,Dresden,active,1990,2018-11-14,2024-12-11,0000 0001 2227 3534,501100006114,,http://www.sachsen.de/en/24.htm,,,,,
05jv9s411,Senckenberg Museum für Naturkunde Görlitz,,Naturkundemuseum Görlitz; Senckenberg Museum of Natural History Görlitz,archive,Görlitz,active,1860,2018-11-14,2025-08-07,0000 0001 1016 2925,,Q2269936,https://museumgoerlitz.senckenberg.de/,00xmqmx64,,,,
016xad343,Senckenberg Natural History Collections Dresden,SGN,Senckenberg Naturhistorische Sammlungen Dresden; State Natural History Collections of Dresden,archive,Dresden,active,2009,2021-09-23,2025-08-07,0000 0000 9326 155X,,Q2269939,https://www.senckenberg.de/en/institutes/senckenberg-naturhistorische-sammlung-dresden/,00xmqmx64,,,,
03wf51b65,SLUB Dresden,SLUB,Saxon State and University Library Dresden; Sächsische Landesbibliothek - Staats- und Universitätsbibliothek Dresden,archive; funder,Dresden,active,1556,2018-11-14,2024-12-11,0000 0001 1939 5418,501100015022,Q323270,https://www.slub-dresden.de,,,,,
01pjwgv56,Smart Material (Germany),,,company,Dresden,active,2000,2018-11-14,2024-12-11,,,Q30285392,https://www.smart-material.com/index.html,,,,,
03hayrn10,Sorbian Institute,,SERBSKI INSTITUT; Sorbisches Institut,archive,Bautzen,active,1992,2018-11-14,2024-12-11,0000 0001 2238 5296,,,http://www.serbski-institut.de/,,,,,
00esbf302,St. Elisabeth-Krankenhaus Leipzig,,,healthcare,Leipzig,active,1931,2018-11-14,2024-12-11,,,,http://www.ek-leipzig.de/,,,,,
0344t9m71,Stiftung Datenschutz,,Foundation for Data Protection,nonprofit,Leipzig,active,2013,2023-05-11,2024-12-11,0000 0004 9473 8443,,Q15849271,https://stiftungdatenschutz.org,,,,,
03d8ync95,Stiftung Deutsche Depressionshilfe,,,other,Leipzig,active,2008,2018-11-14,2024-12-11,0000 0004 8519 2872,,Q15849272,https://www.deutsche-depressionshilfe.de/start,,,,,
00g4wce19,Stoller Ingenieurtechnik (Germany),,,company,Dresden,active,1992,2019-11-07,2024-12-11,,,,https://www.stoller-dresden.de/,,,,,
0371sxw13,Städtische Bibliotheken Dresden,,,archive,Dresden,active,1879,2025-06-24,2025-06-24,0000 0001 2193 5903,,Q2359904,https://www.bibo-dresden.de,,,,,
007gt1a87,Städtisches Klinikum Dresden,,,healthcare,Dresden,active,2017,2019-11-07,2024-12-11,,,Q28738058,https://www.klinikum-dresden.de/,,,,,
02pfxyr52,Sunfire (Germany),,,company,Dresden,active,2010,2018-11-14,2024-12-11,,,Q30292019,https://www.sunfire.de/en/,,,,,
05smgv327,SURAGUS (Germany),,,company,Dresden,active,2010,2020-07-06,2024-12-11,,,,https://www.suragus.com/en/,,,,,
01z40a451,Synexus (Germany),,,company,Leipzig,active,1998,2018-11-14,2024-12-11,,,Q30270494,https://www.synexus-klinik.de/,030ph1y13,,,,
050bn6e97,Sächsische Binnenhäfen Oberelbe (Germany),SBO,,company,Dresden,active,1990,2018-11-14,2024-12-11,,,Q30291638,https://www.binnenhafen-sachsen.de/,,,,,
05jpsw268,Sächsische Krebsgesellschaft,,,other,Zwickau,active,,2018-11-14,2024-12-11,,,,https://www.skg-ev.de/,,,,,
04zp2d344,Sächsisches Institut für die Druckindustrie,SID,Institut des Vereins POLYGRAPH Leipzig,facility,Leipzig,active,1993,2018-11-14,2024-12-11,,,,http://www.sidleipzig.de/en,,,,,
044s59k57,Sächsisches Krankenhaus Rodewisch,,,healthcare,Rodewisch,active,1893,2018-11-14,2024-12-11,0000 0004 6091 0356,,,https://www.skh-rodewisch.sachsen.de/startseite/,,,,,
04facpy29,"Sächsisches Landesamt für Umwelt, Landwirtschaft und Geologie",LfULG,,government,Dresden,active,2008,2018-11-14,2024-12-11,0000 0000 9466 9696,,,http://www.lfulg.sachsen.de/,03ekpdz59,,,,
01jdjjh55,Sächsisches Staatsarchiv,,,archive,Chemnitz,active,2005,2018-11-14,2024-12-11,,,,http://www.staatsarchiv.sachsen.de/,,,,,
03ekpdz59,"Sächsisches Staatsministerium für Energie, Klimaschutz, Umwelt und Landwirtschaft",SMUL,Sächsisches Staatsministerium für Umwelt und Landwirtschaft,government,Dresden,active,1998,2018-11-14,2024-12-11,0000 0001 0941 9973,,,https://www.smul.sachsen.de/,,04facpy29,,,
0198kn518,Sächsisches Staatsministerium für Soziales und Verbraucherschutz,SMS,,government,Dresden,active,1990,2018-11-14,2024-12-11,,,,https://www.sms.sachsen.de/,,,,,
04vbenz24,Sächsisches Textilforschungsinstitut,STFI,,nonprofit,Chemnitz,active,1992,2018-11-14,2024-12-11,0000 0000 9187 3261,,,http://www.stfi.de/en/home.html,,,,,
00nk1fh63,TBZ PARIV (Germany),,,company,Chemnitz,active,1993,2018-11-14,2024-12-11,,,Q30292282,https://www.tbz-pariv.de/,,,,,
042aqky30,Technische Universität Dresden,TUD,TU Dresden; TUD Dresden University of Technology,education; funder,Dresden,active,1828,2018-11-14,2025-06-24,0000 0001 2111 7257,501100002957; 501100007491; 501100020132; 501100023321,Q158158; Q31837129,https://tu-dresden.de,,05hrn3e05; 00kkpv737; 04wn6w972; 00me29179; 056qj1t15; 028070c57; 05ke5hb07; 01dj9qb53; 01zy07c70; 01jx86h05; 01t4ttr56; 020z28a80,044fhy270; 00qcpjs09; 035xba693; 04za5zm41; 02nx8n605; 042wjdg05,,
01drpqr75,Technologiezentrum Dresden (Germany),TZS,,company,Dresden,active,,2019-11-07,2024-12-11,,,,https://www.tzdresden.de,,,,,
01d2xqw69,Technologiezentrum Halbleitermaterialien,THM,Fraunhofer THM; Fraunhofer Technology Center for Semiconductor Materials,facility,Freiberg,active,2005,2019-11-07,2024-12-11,,,Q77075626,http://www.thm.fraunhofer.de/de?set_language=de,04q5rka56; 02kfzvh91,,,,
01k089j70,Topas GmbH (Germany),TOPAS,"Technologie-orientierte Partikel-, Analysen- und Sensortechnik GmbH; Topas GmbH",company,Dresden,active,1991,2025-04-02,2025-04-03,,,,https://www.topas-gmbh.de,,,,,
01dj9qb53,TransDeN Lab,,Translational Developmental Neuroscience Lab; Translational Developmental Neuroscience Section,facility,Dresden,active,2013,2023-03-16,2025-04-28,,,,https://www.transdenlab.de,042aqky30; 04za5zm41,,,,
031vc2293,TU Bergakademie Freiberg,TUBAF,Technische Universität Bergakademie Freiberg,education; funder,Freiberg,active,1765,2018-11-14,2024-12-11,0000 0001 0805 5610,501100021786,Q689854,https://tu-freiberg.de/,,,,,
026zv7h71,TUMAINI-Institut für Präventionsmanagement,,,healthcare,Dresden,active,,2019-11-07,2024-12-11,,,,http://tumaini.de/,,,,,
04za5zm41,University Hospital Carl Gustav Carus,,Carl Gustav Carus Hospital; Universitätsklinikum Carl Gustav Carus Dresden,healthcare,Dresden,active,1999,2018-11-14,2025-04-28,0000 0001 1091 2917,,Q1651640,https://www.uniklinikum-dresden.de/en,,056gvz809; 05medrv10; 00gfym921; 05ke5hb07; 015e4mc09; 01dj9qb53; 01zy07c70,042aqky30,,
028hv5492,University Hospital Leipzig,,Universitätsklinikum Leipzig,healthcare,Leipzig,active,1415,2018-11-14,2024-12-11,0000 0000 8517 9062,,,http://www.uniklinikum-leipzig.de/,,02sy3xj90; 03cr5e788; 04gpj3340; 020f8h126,03s7gtk40,,
04msbx814,University of Music and Theatre Leipzig,HMT,Hochschule für Musik und Theater Felix Mendelssohn Bartholdy Leipzig,education,Leipzig,active,1843,2018-11-14,2024-12-11,0000 0001 2293 251X,,Q312578,http://www.hmt-leipzig.de/en/,,,,,
015e4mc09,Universitäts Kinder Frauenzentrum,UKF,,healthcare,Dresden,active,2007,2018-11-14,2024-12-11,,,,https://www.uniklinikum-dresden.de/de/das-klinikum/universitaetscentren/ukf,04za5zm41,,,,
042031a56,Verband Sächsischer Bildungsinstitute,VSBI,,other,Heidenau,active,1991,2019-11-07,2024-12-11,,,,https://www.vsbi.de/,,,,,
02r6dcw55,Verlagsvertretung Susan Filges (Germany),,,company,Leipzig,active,,2018-11-14,2024-12-11,,,,http://www.vvsf.de/,,,,,
05h85dx49,Vipem Hackert (Germany),,,company,Grünbach,active,,2018-11-14,2024-12-11,,,Q30292511,https://vipem.de/,,,,,
02v4gph32,VKTA,,,facility,Dresden,active,1992,2019-11-07,2024-12-11,0000 0001 1955 4124,,Q1495327,https://www.vkta.de,,,,,
04v3qs268,VNG (Germany),,VNG – Verbundnetz Gas,company,Leipzig,active,1990,2019-11-07,2024-12-11,0000 0001 2193 3262,,Q2506364,https://vng.de/,,,,,
03hw0pv02,Vogtland-Klinik,,,healthcare,Bad Elster,active,,2018-11-14,2024-12-11,,,,http://www.vogtland-klinik.de/index.php?menid=5,,,,,
04kmayk86,Von Ardenne (Germany),,Von Ardenne Anlagentechnik,company,Dresden,active,1991,2018-11-14,2024-12-11,,,,https://www.vonardenne.biz/en/home/,,,,,
00ezjw960,Wasserstraßen- und Schifffahrtsamt Elbe,,WSA Elbe; Wasserstrassen- und Schifffahrtsamt Elbe,government,Dresden,active,2021,2023-05-25,2024-12-11,0000 0005 0850 4809,,Q105887114,https://www.wsa-elbe.wsv.de,0581em797,,,,
04ms51788,Westsächsische Hochschule Zwickau,WHZ,,education,Zwickau,active,1897,2018-11-14,2024-12-11,0000 0001 0542 5321,,Q884503,https://www.fh-zwickau.de,,,,,
00mtc2v89,WH Pharmawerk (Germany),,,company,Weinböhla,active,1923,2018-11-14,2024-12-11,,,,http://www.pharmawerk-weinboehla.de,,,,,
023g8mz36,Wild Chimpanzee Foundation,WCF,,nonprofit,Leipzig,active,2000,2021-09-23,2024-12-11,,,Q4262627,https://www.wildchimps.org/contact.html,,,,,
03qm54y80,Wätas Wärmetauscher Sachsen (Germany),,,company,Olbernhau,active,2003,2019-11-07,2024-12-11,,,,https://www.waetas.de,,,,,
05smvaw93,Zigpos (Germany),,,company,Dresden,active,2011,2018-11-14,2024-12-11,,,Q30292739,https://www.zigpos.com/,,,,,
056tzgr32,Zittau/Görlitz University of Applied Sciences,,Hochschule Zittau/Görlitz,education,Görlitz,active,1992,2018-11-14,2024-12-11,0000 0001 0683 2893,,,https://www.hszg.de,,,,,
